date,company,title,job_url,reason
2026-07-12,Amazon,"Software Development Engineer, Payroll Tax & Accounting Tech",https://www.amazon.jobs/en/jobs/10468614/software-development-engineer-payroll-tax-accounting-tech,backfill: requires 3+ years
2026-07-12,Amazon,"Software Development Engineer, Payroll Tax & Accounting Tech",https://www.amazon.jobs/en/jobs/10468622/software-development-engineer-payroll-tax-accounting-tech,backfill: requires 3+ years
2026-07-12,Amazon,"Software Development Engineer, LMDT- DTO",https://www.amazon.jobs/en/jobs/10469465/software-development-engineer-lmdt-dto,backfill: requires 3+ years
2026-07-12,Amazon,"Software Development Engineer, EU 3P (MFN) Acceleration",https://www.amazon.jobs/en/jobs/10469706/software-development-engineer-eu-3p-mfn-acceleration,backfill: requires 3+ years
2026-07-12,Amazon,"Software Development Engineer (Prime Video), Live Events Publishing",https://www.amazon.jobs/en/jobs/10467370/software-development-engineer-prime-video-live-events-publishing,backfill: requires 3+ years
2026-07-12,Amazon,"Software Development Engineer, Your Orders & Federation Platform",https://www.amazon.jobs/en/jobs/10468929/software-development-engineer-your-orders-federation-platform,backfill: requires 3+ years
2026-07-12,Amazon,"Software Development Engineer, AM Tools, ISS",https://www.amazon.jobs/en/jobs/10468950/software-development-engineer-am-tools-iss,backfill: requires 3+ years
2026-07-12,Amazon,"Software Dev Engineer I, L4",https://www.amazon.jobs/en/jobs/10466128/software-dev-engineer-i-l4,backfill: requires 3+ years
2026-07-12,Amazon,"Software Development Engineer, Delivery Choices",https://www.amazon.jobs/en/jobs/10466372/software-development-engineer-delivery-choices,backfill: requires 3+ years
2026-07-12,Amazon,"Software Development Engineer, Amazon External Payments",https://www.amazon.jobs/en/jobs/10469684/software-development-engineer-amazon-external-payments,backfill: requires 3+ years
2026-07-12,Amazon,"Software Development Engineer, Amazon Pay | Credit & Lending",https://www.amazon.jobs/en/jobs/10469671/software-development-engineer-amazon-pay-credit-lending,backfill: requires 3+ years
2026-07-12,Amazon,"Software Development Engineer, Amazon Pay | Credit & Lending",https://www.amazon.jobs/en/jobs/10468548/software-development-engineer-amazon-pay-credit-lending,backfill: requires 3+ years
2026-07-12,Amazon,"Software Development Engineer, RBS",https://www.amazon.jobs/en/jobs/10465551/software-development-engineer-rbs,backfill: requires 3+ years
2026-07-12,Amazon,"Software Development Engineer, Prime Video Sports",https://www.amazon.jobs/en/jobs/10470167/software-development-engineer-prime-video-sports,backfill: requires 3+ years
2026-07-12,Amazon,"Software Development Engineer, Amazon OpenSearch Service - DIY Observability",https://www.amazon.jobs/en/jobs/10462746/software-development-engineer-amazon-opensearch-service-diy-observability,backfill: requires 3+ years
2026-07-12,Amazon,"Software Development Engineer, PXT Case Management System",https://www.amazon.jobs/en/jobs/10464018/software-development-engineer-pxt-case-management-system,backfill: requires 3+ years
2026-07-12,Atlassian,Software Engineer,https://careers-americas.icims.com/jobs/25301/software-engineer/job,backfill: requires 3-5 years
2026-07-12,Atlassian,Software Engineer,https://careers-americas.icims.com/jobs/25302/software-engineer/job,backfill: requires 3-5 years
2026-07-12,Google,Software Engineer Engprod Google One And Google Photos,https://www.google.com/about/careers/applications/jobs/results/123693083568022214-software-engineer-engprod-google-one-and-google-photos,backfill: requires 8+ years
2026-07-12,Google,Software Engineer Phd Early Career 2026,https://www.google.com/about/careers/applications/jobs/results/108281679147082438-software-engineer-phd-early-career-2026,backfill: requires 8+ years
2026-07-12,Google,Software Engineer Phd Early Career 2026,https://www.google.com/about/careers/applications/jobs/results/107018346561446598-software-engineer-phd-early-career-2026,backfill: requires 8+ years
2026-07-12,Google,Software Engineer Firmware,https://www.google.com/about/careers/applications/jobs/results/133637066729628358-software-engineer-firmware,backfill: requires 4+ years
2026-07-12,Google,Software Engineer Phd Early Career Networking 2026 Start,https://www.google.com/about/careers/applications/jobs/results/126485952255140550-software-engineer-phd-early-career-networking-2026-start,backfill: requires 8+ years
2026-07-12,Google,Software Engineer Persistent Disk Phd Early Career 2026,https://www.google.com/about/careers/applications/jobs/results/95785531123606214-software-engineer-persistent-disk-phd-early-career-2026,backfill: requires 8+ years
2026-07-12,Google,Embedded Software Engineer Kernel Drivers And Systems Engineering,https://www.google.com/about/careers/applications/jobs/results/126871362588287686-embedded-software-engineer-kernel-drivers-and-systems-engineering,backfill: requires 5+ years
2026-07-12,PhonePe,Software Engineer - iOS,https://job-boards.greenhouse.io/phonepe/jobs/7680147003,backfill: requires 5-9 years
2026-07-12,PhonePe,"Software Engineer, React Native (3-5 Years)",https://job-boards.greenhouse.io/phonepe/jobs/7795782003,backfill: requires 3-5 years
2026-07-12,PhonePe,Software Engineer - SRE (Rust),https://job-boards.greenhouse.io/phonepe/jobs/7772955003,backfill: requires 4-6 years
2026-07-12,Razorpay,Full Stack Builder,https://job-boards.greenhouse.io/razorpaysoftwareprivatelimited/jobs/4699107005,backfill: requires 3-6 years
2026-07-12,Razorpay,Full Stack Builder,https://job-boards.greenhouse.io/razorpaysoftwareprivatelimited/jobs/4712960005,backfill: requires 3-6 years
2026-07-12,Microsoft,Consultant - Apps Full Stack Engineer A2,https://apply.careers.microsoft.com/careers/job/1970393556864900,backfill: requires 4-10 years
2026-07-12,Bosch,Full stack (Angular & C#),https://jobs.smartrecruiters.com/BoschGroup/744000137147075,requires 3-9 years
2026-07-12,ClickHouse,Cloud Software Engineer - Observability Platform,https://job-boards.greenhouse.io/clickhouse/jobs/5686805004,requires 5+ years
2026-07-12,ClickHouse,Cloud Software Engineer - Observability Platform,https://job-boards.greenhouse.io/clickhouse/jobs/5658009004,requires 5+ years
2026-07-12,ClickHouse,Full Stack Software Engineer - Billing Team,https://job-boards.greenhouse.io/clickhouse/jobs/5395374004,requires 5+ years
2026-07-12,ClickHouse,Full Stack Software Engineer - Billing Team,https://job-boards.greenhouse.io/clickhouse/jobs/5584386004,requires 5+ years
2026-07-12,ClickHouse,Full Stack Software Engineer - Billing Team,https://job-boards.greenhouse.io/clickhouse/jobs/5584382004,requires 5+ years
2026-07-12,ClickHouse,Full Stack Software Engineer - Control Plane,https://job-boards.greenhouse.io/clickhouse/jobs/5587664004,requires 6+ years
2026-07-12,ClickHouse,Full Stack Software Engineer - Control Plane,https://job-boards.greenhouse.io/clickhouse/jobs/5587666004,requires 6+ years
2026-07-12,ClickHouse,Full Stack Software Engineer - Control Plane,https://job-boards.greenhouse.io/clickhouse/jobs/5587665004,requires 6+ years
2026-07-12,Glean,"Software Engineer, Agents",https://job-boards.greenhouse.io/gleanwork/jobs/4712442005,requires 6+ years
2026-07-12,Glean,"Software Engineer, Backend",https://job-boards.greenhouse.io/gleanwork/jobs/4006731005,requires 6+ years
2026-07-12,Glean,"Software Engineer, Evals",https://job-boards.greenhouse.io/gleanwork/jobs/4712438005,requires 4+ years
2026-07-12,Glean,"Software Engineer, Machine Learning",https://job-boards.greenhouse.io/gleanwork/jobs/4012745005,requires 6+ years
2026-07-13,Salesforce,Software Engineering (SMTS / MTS) – Platform Engineering (Distributed Systems & Infrastructure),https://salesforce.wd12.myworkdayjobs.com/en-US/External_Career_Site/job/India---Bangalore/Software-Engineering-SMTS---MTS----Platform-Engineering--Backend--Kubernetes---Cloud-_JR347341,requires 7+ years
2026-07-13,Salesforce,Performance Engineer - MTS,https://salesforce.wd12.myworkdayjobs.com/en-US/External_Career_Site/job/India---Hyderabad/Performance-Engineer--MTS-SMTS-_JR312773,requires 4+ years
2026-07-13,Bosch,Vehicle Application Engineer,https://jobs.smartrecruiters.com/BoschGroup/744000137473550,requires 6-10 years
2026-07-13,NVIDIA,"Software Engineer, OpenShell",https://nvidia.wd5.myworkdayjobs.com/en-US/NVIDIAExternalCareerSite/job/US-Remote/Software-Engineer--OpenShell_JR2020825,requires 8+ years
2026-07-13,Amazon,"Software Development Engineer, Alexa Audio, Alexa Audio",https://www.amazon.jobs/en/jobs/10472842/software-development-engineer-alexa-audio-alexa-audio,requires 3+ years
2026-07-13,Amazon,"Amazon Fulfilment Tech - Software Development Engineer, AFT Inventory",https://www.amazon.jobs/en/jobs/10472896/amazon-fulfilment-tech-software-development-engineer-aft-inventory,requires 3+ years
2026-07-14,Amazon,"Software Development Engineer, Aurora MySQL",https://www.amazon.jobs/en/jobs/10466672/software-development-engineer-aurora-mysql,requires 3+ years
2026-07-14,NVIDIA,"Software Engineer, Production Engineering",https://nvidia.wd5.myworkdayjobs.com/en-US/NVIDIAExternalCareerSite/job/India-Bengaluru/Software-Engineer--Production-Engineering_JR2020074-1,requires 5+ years
2026-07-14,Google,Software Engineer Full Stack Google Cloud,https://www.google.com/about/careers/applications/jobs/results/88630606946017990-software-engineer-full-stack-google-cloud,backfill: requires 8+ years
2026-07-14,Airbnb,"Android Software Engineer, Quality Platform",https://careers.airbnb.com/positions/7744247?gh_jid=7744247,requires 3+ years
2026-07-14,Anthropic,"IT Systems Engineer, Client Platform Engineer",https://job-boards.greenhouse.io/anthropic/jobs/5255853008,requires 8+ years
2026-07-14,Benchling,"Software Engineer, Platform (Developer Experience)",https://jobs.ashbyhq.com/benchling/51347ceb-0e30-4bd9-9fba-8d23f02d288f,requires 7+ years
2026-07-14,Cloudflare,"Distributed Systems Engineer, Analytical Database Platform",https://boards.greenhouse.io/cloudflare/jobs/7462799?gh_jid=7462799,requires 3+ years
2026-07-14,Cloudflare,Distributed Systems Engineer - Data Platform - Analytics and Alerts,https://boards.greenhouse.io/cloudflare/jobs/7462803?gh_jid=7462803,requires 3+ years
2026-07-14,Cloudflare,"Distributed Systems Engineer - Data Platform (Delivery, Database, Retrieval)",https://boards.greenhouse.io/cloudflare/jobs/7462801?gh_jid=7462801,requires 3+ years
2026-07-14,Cloudflare,Distributed Systems Engineer - Data Platform - Logs and Audit Logs,https://boards.greenhouse.io/cloudflare/jobs/7462802?gh_jid=7462802,requires 3+ years
2026-07-14,Cloudflare,Full Stack Engineer - Internal Audit,https://boards.greenhouse.io/cloudflare/jobs/8014902?gh_jid=8014902,requires 5+ years
2026-07-14,Cloudflare,"Threat Intelligence Software Engineer, Cloudforce One",https://boards.greenhouse.io/cloudflare/jobs/7309174?gh_jid=7309174,requires 5+ years
2026-07-14,Cockroachlabs,Member of Technical Staff (Test Engineering),https://www.cockroachlabs.com/careers/job/?gh_jid=7774966,requires 8+ years
2026-07-14,Coinbase,"Software Engineer, Enterprise Apps",https://www.coinbase.com/careers/positions/8024814?gh_jid=8024814,requires 5+ years
2026-07-14,Coinbase,"Software Engineer, Enterprise Apps",https://www.coinbase.com/careers/positions/7958901?gh_jid=7958901,requires 3+ years
2026-07-14,Coinbase,Software Engineer - Salesforce Platform (EAA),https://www.coinbase.com/careers/positions/7652048?gh_jid=7652048,requires 4+ years
2026-07-14,Dropbox,"Frontend Product Software Engineer, Design Systems",https://jobs.dropbox.com/listing/7862086?gh_jid=7862086,requires 5+ years
2026-07-14,Dropbox,Infrastructure Software Engineer,https://jobs.dropbox.com/listing/6330377?gh_jid=6330377,requires 5+ years
2026-07-14,Dropbox,"Infrastructure Software Engineer, Release Systems",https://jobs.dropbox.com/listing/8031442?gh_jid=8031442,requires 5+ years
2026-07-14,Hackerrank,Software Development Engineer in Test I,https://job-boards.greenhouse.io/hackerrank/jobs/7510682,requires 3+ years
2026-07-14,Launchdarkly,"Backend Engineer, Flag Delivery",https://job-boards.greenhouse.io/launchdarkly/jobs/7767461003,requires 5+ years
2026-07-14,Launchdarkly,"Full Stack Engineer, AgentControl",https://job-boards.greenhouse.io/launchdarkly/jobs/7750116003,requires 5+ years
2026-07-14,Launchdarkly,"Full Stack Engineer, Experimentation",https://job-boards.greenhouse.io/launchdarkly/jobs/7741981003,requires 4+ years
2026-07-14,Launchdarkly,"Full Stack Engineer, Foundation",https://job-boards.greenhouse.io/launchdarkly/jobs/7767264003,requires 5+ years
2026-07-14,Launchdarkly,"Full Stack Engineer, Guardian Monitoring",https://job-boards.greenhouse.io/launchdarkly/jobs/7761616003,requires 5+ years
2026-07-14,Launchdarkly,"Full Stack Engineer, Observability",https://job-boards.greenhouse.io/launchdarkly/jobs/7750105003,requires 5+ years
2026-07-14,Launchdarkly,"SDK Software Engineer, AI",https://job-boards.greenhouse.io/launchdarkly/jobs/7647797003,requires 5+ years
2026-07-14,Mindtickle,Full Stack software Engineer,https://jobs.smartrecruiters.com/mindtickle/80590885,requires 3-6 years
2026-07-14,Notion,"Software Engineer, Infrastructure",https://jobs.ashbyhq.com/notion/42f18ccd-c4c8-4a85-8c1f-de12c575fe87,requires 4+ years
2026-07-14,Notion,"Software Engineer, Developer Experience",https://jobs.ashbyhq.com/notion/49bdf081-6e20-4323-8c73-6d6b19544ff5,requires 10+ years
2026-07-14,Planetscale,Software Engineer - Information Security,https://job-boards.greenhouse.io/planetscale/jobs/4009938009,requires 5+ years
2026-07-14,Planetscale,Software Engineer - Insights,https://job-boards.greenhouse.io/planetscale/jobs/4107018009,requires 5+ years
2026-07-14,Planetscale,Software Engineer - Neki Orchestration,https://job-boards.greenhouse.io/planetscale/jobs/4280570009,requires 5+ years
2026-07-14,Planetscale,Software Engineer - PlanetScale Postgres,https://job-boards.greenhouse.io/planetscale/jobs/4251150009,requires 5+ years
2026-07-14,Planetscale,Software Engineer - PlanetScale Vitess,https://job-boards.greenhouse.io/planetscale/jobs/4009746009,requires 5+ years
2026-07-14,Planetscale,Software Engineer - Platform,https://job-boards.greenhouse.io/planetscale/jobs/4036240009,requires 5+ years
2026-07-14,Planetscale,Software Engineer - Sharded Postgres (Neki),https://job-boards.greenhouse.io/planetscale/jobs/4009936009,requires 5+ years
2026-07-14,Reddit,"Fullstack Software Engineer, Notifications Lifecycle",https://job-boards.greenhouse.io/reddit/jobs/7895468,requires 3+ years
2026-07-14,Reddit,"Machine Learning Systems Engineer, Ads ML Platform",https://job-boards.greenhouse.io/reddit/jobs/8022942,requires 3+ years
2026-07-14,Reddit,"Machine Learning Systems Engineer, Ads ML Platform",https://job-boards.greenhouse.io/reddit/jobs/8022937,requires 3+ years
2026-07-14,Reddit,Software Engineer,https://job-boards.greenhouse.io/reddit/jobs/6909093,requires 3+ years
2026-07-14,Reddit,"Software Engineer, Ads",https://job-boards.greenhouse.io/reddit/jobs/6512458,requires 3+ years
2026-07-14,Reddit,"Software Engineer, Ads",https://job-boards.greenhouse.io/reddit/jobs/6469397,requires 3+ years
2026-07-14,Render,"Software Engineer, Product (all levels)",https://jobs.ashbyhq.com/render/c7d896f2-20a9-4b44-9f7d-13929a0fe453,requires 6+ years
2026-07-14,Render,"Software Engineer, Security (all levels)",https://jobs.ashbyhq.com/render/226a1b3b-5937-4880-817b-4beb1f72ecc6,requires 6+ years
2026-07-14,Render,"Software Engineer, Infrastructure (all levels)",https://jobs.ashbyhq.com/render/d52dc923-1641-4386-b8ba-5c15e1d7028d,requires 5+ years
2026-07-14,Render,"Software Engineer, Billing (all levels)",https://jobs.ashbyhq.com/render/57a61c00-fa74-402d-89cd-1a1b936e14d5,requires 3+ years
2026-07-14,Render,"Software Engineer, Growth (all levels)",https://jobs.ashbyhq.com/render/62ea10c7-ad69-444f-9632-dd4b50b8c805,requires 6+ years
2026-07-14,Render,"Software Engineer, Network Infrastructure",https://jobs.ashbyhq.com/render/88cb74a4-bc28-40b1-b792-d3041e3e17d3,requires 6+ years
2026-07-14,Render,"Software Engineer, Compute Infrastructure",https://jobs.ashbyhq.com/render/af5b6699-2e4a-47de-99f7-664baa738190,requires 7+ years
2026-07-14,Stripe,"Backend Engineer, AI Security",https://stripe.com/jobs/search?gh_jid=7826765,requires 5+ years
2026-07-14,Stripe,"Fullstack Engineer, Privy",https://stripe.com/jobs/search?gh_jid=7091959,requires 8+ years
2026-07-14,Stripe,"Software Engineer, Data & AI",https://stripe.com/jobs/search?gh_jid=7529428,requires 4+ years
2026-07-14,Stripe,"Software Engineer, Internal Systems",https://stripe.com/jobs/search?gh_jid=7543868,requires 8+ years
2026-07-14,Stripe,"Software Engineer, Security Analytics Infrastructure",https://stripe.com/jobs/search?gh_jid=7826761,requires 5+ years
2026-07-14,Supabase,Software Engineer - Auth,https://jobs.ashbyhq.com/supabase/e569b7f7-fa8f-4139-86f6-4f52b456882d,requires 4+ years
2026-07-14,Supabase,Software Engineer: IaC Platform Experience,https://jobs.ashbyhq.com/supabase/b7206c22-979f-444a-809b-e70d9ee23c7f,requires 5+ years
2026-07-14,Twilio,Software Engineer,https://job-boards.greenhouse.io/twilio/jobs/7605743,requires 3+ years
2026-07-14,Twilio,Software Engineer,https://job-boards.greenhouse.io/twilio/jobs/7785202,requires 5+ years
2026-07-14,Twilio,Software Engineer (L3) Data Substrate,https://job-boards.greenhouse.io/twilio/jobs/7954715,requires 5+ years
2026-07-14,Vercel,"Security Software Engineer, IAM",https://job-boards.greenhouse.io/vercel/jobs/6093255004,requires 7+ years
2026-07-14,Vercel,"Software Engineer, Agent",https://job-boards.greenhouse.io/vercel/jobs/5704320004,requires 7+ years
2026-07-14,Vercel,"Software Engineer, AI Gateway",https://job-boards.greenhouse.io/vercel/jobs/5798406004,requires 5+ years
2026-07-14,Vercel,"Software Engineer, AI SDK",https://job-boards.greenhouse.io/vercel/jobs/5474915004,requires 5+ years
2026-07-14,Vercel,"Software Engineer, CDN",https://job-boards.greenhouse.io/vercel/jobs/5179639004,requires 5+ years
2026-07-14,Vercel,"Software Engineer, Compute",https://job-boards.greenhouse.io/vercel/jobs/5551619004,requires 5+ years
2026-07-14,Vercel,"Software Engineer, Dashboard",https://job-boards.greenhouse.io/vercel/jobs/5808568004,requires 4+ years
2026-07-14,Vercel,"Software Engineer, Deployment Infrastructure",https://job-boards.greenhouse.io/vercel/jobs/5633880004,requires 6+ years
2026-07-14,Vercel,"Software Engineer, eve",https://job-boards.greenhouse.io/vercel/jobs/6098390004,requires 5+ years
2026-07-14,Vercel,"Software Engineer, Growth",https://job-boards.greenhouse.io/vercel/jobs/5613601004,requires 5+ years
2026-07-14,Vercel,"Software Engineer, Observability",https://job-boards.greenhouse.io/vercel/jobs/5428982004,requires 5+ years
2026-07-14,Vercel,"Software Engineer, Trust & Safety",https://job-boards.greenhouse.io/vercel/jobs/5788954004,requires 5+ years
2026-07-14,Vercel,"Software Engineer, Workflows",https://job-boards.greenhouse.io/vercel/jobs/5798416004,requires 5+ years
2026-07-14,Anyscale,"Software Engineer, Platform Infrastructure (Foundations)",https://jobs.ashbyhq.com/anyscale/316cf655-f3f1-40c2-823f-34f1fce54fdc,requires 3+ years
2026-07-14,Epifi,Member of Technical Staff (MTS) – Core Full-Stack / Backend,https://jobs.lever.co/epifi/aa166d16-e1c5-4cb7-a95b-3f649aa2c53b,requires 3-4 years
2026-07-14,Jumpcloud,"Software Engineer, AI Platform - Türkiye",https://jobs.lever.co/jumpcloud/958656f7-b2f3-4034-8684-067c5a77b28d,requires 4-6 years
2026-07-14,Openai,Data Center Physical Security Systems Engineer,https://jobs.ashbyhq.com/openai/f69f75f5-439f-4044-8ae1-8fd810e0402d,requires 15+ years
2026-07-14,Prefect,"Product Engineer (Fullstack, Cloud)",https://jobs.ashbyhq.com/prefect/1c7dc702-510c-4d41-96f3-21187d6c7171,requires 5+ years
2026-07-14,Wayflyer,Frontend Software Engineer,https://jobs.ashbyhq.com/wayflyer/f907ed95-7d42-45da-ba6c-983d7e0d31aa,requires 5+ years
2026-07-14,Weekday AI,Java Full Stack engineer,https://www.adzuna.in/details/5800097472?utm_medium=api&utm_source=616fbe19,requires 6+ years
2026-07-14,Moderntreasury,Software Engineer - Infrastructure,https://jobs.ashbyhq.com/moderntreasury/bac5287c-66a1-4954-ab55-1c4c545a8ede,requires 8+ years
2026-07-15,Accenture,Custom Software Engineer,https://www.adzuna.in/details/5800411988?utm_medium=api&utm_source=616fbe19,requires 12+ years
2026-07-15,The Boeing Company,Associate Software Engineer,https://www.adzuna.in/details/5800785394?utm_medium=api&utm_source=616fbe19,requires 4+ years
2026-07-15,The Boeing Company,Associate ATE Software Engineer,https://www.adzuna.in/details/5800785395?utm_medium=api&utm_source=616fbe19,requires 4-8 years
2026-07-15,The Auction Collective,"Software Engineer, FullStack (Python, React, Node, AWS, GenAI)",https://www.adzuna.in/details/5801027813?utm_medium=api&utm_source=616fbe19,requires 3+ years
2026-07-15,Bosch,.Net Full stack Developer,https://jobs.smartrecruiters.com/BoschGroup/744000137854390,requires 5-7 years
2026-07-15,Weekday AI,Java Full Stack Developer,https://www.adzuna.in/details/5801377910?utm_medium=api&utm_source=616fbe19,requires 6+ years
2026-07-15,NVIDIA,"Software Engineer,  Routing",https://nvidia.wd5.myworkdayjobs.com/en-US/NVIDIAExternalCareerSite/job/India-Bengaluru/Software-Engineer---Routing_JR2021257,requires 4+ years
2026-07-15,Turing,Software Engineer,https://job-boards.greenhouse.io/turing/jobs/6115695004,requires 6-8 years
2026-07-16,TechBiz Global GmbH,Full Stack Developer,https://www.adzuna.in/details/5802093875?utm_medium=api&utm_source=616fbe19,requires 4+ years
2026-07-16,Scout Incorporation,Software Development Engineer,https://www.adzuna.in/details/5802025113?utm_medium=api&utm_source=616fbe19,requires 3+ years
2026-07-16,Accenture,Custom Software Engineer,https://www.adzuna.in/details/5801820949?utm_medium=api&utm_source=616fbe19,requires 15+ years
2026-07-16,Analog Devices,Software Engineer,https://www.adzuna.in/details/5801820347?utm_medium=api&utm_source=616fbe19,requires 3+ years
